path,bytes,sha256,type
.gitattributes,578,88e7fef181e82ebc4058b76b9e9299a7a48a5320a094098094e9786eb95d39eb,other
.gitignore,593,9f924105f0581f8a10bde3f25db2f848c57769470edfc0d6faa4a95311fb5d0b,other
ChatExport_2026-09-26/a.md,0,e3b0c44298fc1c149afbf4c8996fb92427ae41e4649b934ca495991b7852b855,markdown
ChatExport_2026-09-26/css/style.css,42385,ff367318d35d70241e191fc9e1c48a792ae45c207482cd1e8557767f895b1c5c,other
ChatExport_2026-09-26/files/Снимок экрана — 2026-09-20 в 20.48.49.png,621014,a9aced2d7211b9353bfe9b435e37d2dc595d55a26d5ccda62aae3a6455e086f4,image
ChatExport_2026-09-26/files/Снимок экрана — 2026-09-20 в 20.48.49.png_thumb.jpg,12313,bdcac3e31ad5a30656b22fc3f613b9b220fa7b0e40594a108ca3d2ed1ebce3dc,image
ChatExport_2026-09-26/images/back.png,312,929933067c1d751fed025884b85804818342f7560dd9a36d3a058c36a04676eb,image
ChatExport_2026-09-26/images/back@2x.png,518,961cfe303deab8f2939257d1b2bb7d0ec14e4f32c3b6a4a673a9fc55ad0053bb,image
ChatExport_2026-09-26/images/media_call.png,417,83014bb735c810fef0c0bfb6e9dad93e5575a06db20ea0e22e45ab810868a478,image
ChatExport_2026-09-26/images/media_call@2x.png,815,6f23d3955f028037ac038d21adbec952537b1c7a4862dcc9478615d2977147b5,image
ChatExport_2026-09-26/images/media_contact.png,323,37462001aa3f02db4821532e4a62bdf5747987f9d0c479d3fddc7dc1e8e0c6a7,image
ChatExport_2026-09-26/images/media_contact@2x.png,600,ece7f7e5485a4b2bcf50ed758ec9748501b231b7558078d15c3e1f69b55d0cba,image
ChatExport_2026-09-26/images/media_file.png,236,da791938383c24ccc7ac7bba638470e53753df256609e1bfa5c3c7bb4e241f6b,image
ChatExport_2026-09-26/images/media_file@2x.png,408,2fc5b871d9e40d8dfbd2eacc27300c98bd7f3205d57b1b4cb59b86e6a176087e,image
ChatExport_2026-09-26/images/media_game.png,271,36354c347f0cad06dae45bc6451ea875714bcf33f7b3175394d16a64faa225c7,image
ChatExport_2026-09-26/images/media_game@2x.png,510,521b1874fd20c0c05619342d9fb11c0f24d9f7dbc6a6bbec28b5b09c17b8c12f,image
ChatExport_2026-09-26/images/media_location.png,480,17ac2dfdbb87f3b53010eaad731bbdf8a619eabd6df87e33e4c06df06959bdc5,image
ChatExport_2026-09-26/images/media_location@2x.png,991,5d67983d47374ada4eb55697a8cc2abf93743b9f22866a6a6ba26f75f28b3582,image
ChatExport_2026-09-26/images/media_music.png,275,6779336f0362a73da8b7ea33dce0e73fe83bce17597378445c117e07dd6020b3,image
ChatExport_2026-09-26/images/media_music@2x.png,464,f6b15ff44a9d49e72c1ca58ce297e514eb686a724c1792a13b877cc25647151a,image
ChatExport_2026-09-26/images/media_photo.png,243,68c3ad119b7f075c74fb1297ed6f81309dba5262274c98cc99da9c3a2d2accff,image
ChatExport_2026-09-26/images/media_photo@2x.png,458,a995f172ad5eea6fcd6d4357eec864cead122642eeef3aa86b01a9026085bdb5,image
ChatExport_2026-09-26/images/media_shop.png,377,950a9f3eb7e7ced0467702565e682cc8c72d9808c2a1b0c14fb585ba5e388d2f,image
ChatExport_2026-09-26/images/media_shop@2x.png,790,ddb88b92f1bd8f6b04f561ac52afd54ab5f4840381afd0809251d8d85b58a200,image
ChatExport_2026-09-26/images/media_video.png,235,6053dad4203b7c611298c91f7db337b24dd9e520f2f139ed02d6141553de12c3,image
ChatExport_2026-09-26/images/media_video@2x.png,411,1e67c221afa14b6ad28cb747fe919227f6b842059c65bc191269263afbc7c529,image
ChatExport_2026-09-26/images/media_voice.png,328,531d7e79c2ff8260f99f48e197ed4ff105fb3d395bd6e4be22dca048f698df4b,image
ChatExport_2026-09-26/images/media_voice@2x.png,660,b37c63673d99d3a9167bcfe7045c27dfea29970d8aa5ce4f80083646dcb59ac6,image
ChatExport_2026-09-26/images/section_calls.png,656,b347d0bb33954aac124506d9ce9a0e556f235cb579ab853ebfd562617ce9a7c3,image
ChatExport_2026-09-26/images/section_calls@2x.png,1300,decd35472a556fe7ec6a1f2dbe3a9442d125e0922854b785476227a376d02cf8,image
ChatExport_2026-09-26/images/section_chats.png,283,ca9e5266de6dc1c49dead1e1a1686f52c89b94c9904d0952fac607d1e3ed16b8,image
ChatExport_2026-09-26/images/section_chats@2x.png,454,929d283917cce08418ca2ee8f6355ca431f4877aa8804bd3819676b8343fb2a9,image
ChatExport_2026-09-26/images/section_contacts.png,508,47245024ccc91fad0f56df360abf699e84df2c45b3b866c3f25d0bae422752b8,image
ChatExport_2026-09-26/images/section_contacts@2x.png,1023,5281f4cf58c26149509e649e490a949941ac494b41e66dffc94e535cb2f57fc8,image
ChatExport_2026-09-26/images/section_frequent.png,771,260eee3b8cfc4169a085e4a3e22e699ad30f24fe6a4854655a27da83f6580fd4,image
ChatExport_2026-09-26/images/section_frequent@2x.png,1696,dd4b5697712bbe2adce7cfc56ca8af2498c07d072b8b7d3fd01bbba30b316101,image
ChatExport_2026-09-26/images/section_music.png,446,5006eab0a00fb29115c10ff2f5e3d06c1d498bcce18ab42c45b1de1467679a50,image
ChatExport_2026-09-26/images/section_music@2x.png,777,73fae04760c427ef863edeb1bbe450e2c62a6b03e1ea4562236cb9e12fee13a1,image
ChatExport_2026-09-26/images/section_other.png,155,3b294027c2b4ac851bdef44311abff17273cae69b2b58aa663fa7ec1ff2d0f53,image
ChatExport_2026-09-26/images/section_other@2x.png,269,44c9a8fffb338c7d9b8d55a9af0d51dbe2ec0551d0f518126b8f9993034e4c61,image
ChatExport_2026-09-26/images/section_photos.png,415,c71b8548036a5765377680d679a8f7d422dee5de03caf3580e1faca3ea9e06e5,image
ChatExport_2026-09-26/images/section_photos@2x.png,750,eea894213dc76077cffdd94155250b7a17562bffe0bfb9ee38651e325468ab33,image
ChatExport_2026-09-26/images/section_sessions.png,134,16aae7c60f3f52fad87c6483d3af62a01fca63457e06661aa460749e336781de,image
ChatExport_2026-09-26/images/section_sessions@2x.png,216,ed6f50d210cc6663b8ae3684537de8209dc4115918f7ab7eb6c9abb5d974438f,image
ChatExport_2026-09-26/images/section_stories.png,605,eb121c176f732f5b41043291044fe594e1760c04d30d029da54af069fd0eef95,image
ChatExport_2026-09-26/images/section_stories@2x.png,1120,6a17c90b58fd18511e4389422189f7ea860a35ce9bb84e0e4be21a2749718aff,image
ChatExport_2026-09-26/images/section_web.png,266,7216e849566eecc3ba8830ee80b1a0bda9aa21bad1ab65b204e353d63dbdccd6,image
ChatExport_2026-09-26/images/section_web@2x.png,447,8eb4e4f0952b60ad6305a46d5580ce4767522bc958cd5847eeec626f2d27d6ff,image
ChatExport_2026-09-26/js/script.js,7243,6d0963d9a28bbb638cc5de20250007aa1d020d1ddfa77389b1934155f4e7863e,other
ChatExport_2026-09-26/messages.html,783337,db436f88561f822a619fa20e26400cef8cd61098f9696cd08b0f9c01c5d99a15,other
ChatExport_2026-09-26/photos/photo_10@22-09-2026_19-57-34.jpg,9273,ca292183d64c845e98280932e53c033d8eb4cd63e7c11d9a9189f316660eed81,image
ChatExport_2026-09-26/photos/photo_10@22-09-2026_19-57-34_thumb.jpg,6419,9b232349cdc7c641596050dfd26112da26ab0ed6840afb18f47590b5e7490eb9,image
ChatExport_2026-09-26/photos/photo_11@22-09-2026_23-24-33.jpg,115504,68305ceebf81bbb392a184cf18e95b16b9c70f587293f0d5121c47d7d5db9c6e,image
ChatExport_2026-09-26/photos/photo_11@22-09-2026_23-24-33_thumb.jpg,21081,251cb6fcaf31a39d8e17ed20f9776a8c0dd84d8c7743355a93a967855d2a19e3,image
ChatExport_2026-09-26/photos/photo_12@23-09-2026_00-05-15.jpg,37124,2d928908e7aaa7309013a6455c9124b66157404f7649bd3a086fa8be44e66009,image
ChatExport_2026-09-26/photos/photo_12@23-09-2026_00-05-15_thumb.jpg,18638,26f45d7c0b3224fc81de3ea439f690281e24d4d23c0e35ef2a6d1db3b678dbcc,image
ChatExport_2026-09-26/photos/photo_13@23-09-2026_09-34-42.jpg,231053,758ec5ff31bd43dd7cfbf99a5440b8528afbec4a5a3ce49bc836a06087ff1b68,image
ChatExport_2026-09-26/photos/photo_13@23-09-2026_09-34-42_thumb.jpg,44686,f6fceacf1371f7519c7aadc428aab5dd71e28332829f1c5bbf6e5d13fa4b2af9,image
ChatExport_2026-09-26/photos/photo_14@24-09-2026_23-24-46.jpg,66201,a0117aba8963c9c3093b301ed512bee27f5ff7d72f82cb793a4a7de661813e44,image
ChatExport_2026-09-26/photos/photo_14@24-09-2026_23-24-46_thumb.jpg,15541,4d41fd7b4662a8760caab846a906b6acf7f8c17b5c5763846e86f8891e5e00b3,image
ChatExport_2026-09-26/photos/photo_15@25-09-2026_12-31-40.jpg,15864,1cd2555c6d904270601a65ae4716efa3324f5b02f29b37be6fc7753f744e52d9,image
ChatExport_2026-09-26/photos/photo_16@25-09-2026_12-31-40.jpg,173364,9df755ccd914d47b7dfed1440ea3202496f8092f1d2bb1d658e6abb36515375e,image
ChatExport_2026-09-26/photos/photo_16@25-09-2026_12-31-40_thumb.jpg,30010,2ec15147aa66a7c227c82dd687bac4e155439f6dee9f83ece77516b7c855b8df,image
ChatExport_2026-09-26/photos/photo_17@25-09-2026_13-21-02.jpg,24185,b50629e7ad0079812e68d02aeba528312d29010c55f6a747ed90255ea17a4206,image
ChatExport_2026-09-26/photos/photo_18@25-09-2026_13-21-02.jpg,26907,4c88398e745f5e00734a514293fbf47280e0aaa10e2e7e4a9de625c25473dc8d,image
ChatExport_2026-09-26/photos/photo_19@25-09-2026_15-42-42.jpg,222501,e3393b780683928f638c4309e42275562ea0dcf8dff703d58ea979054f480090,image
ChatExport_2026-09-26/photos/photo_19@25-09-2026_15-42-42_thumb.jpg,33288,0fcb9c5ccf1601d7a7a3a63fe3d12169c5538a02bf47799b2c7a342c1128c123,image
ChatExport_2026-09-26/photos/photo_1@02-09-2026_15-44-47.jpg,101421,599c79ca2f6bec960e47c4336335b48072cce9de5c4939de0435e84faf865f92,image
ChatExport_2026-09-26/photos/photo_1@02-09-2026_15-44-47_thumb.jpg,19072,3bfe1bece69b53e3193f61fc3a15af0353e46b803abd237a51089cadf8e07ee1,image
ChatExport_2026-09-26/photos/photo_20@25-09-2026_15-42-42.jpg,179612,9f74d3f1f9edcf702f8aa15b72c7e57283fd60f42ebc5e67994c39883ea7a835,image
ChatExport_2026-09-26/photos/photo_20@25-09-2026_15-42-42_thumb.jpg,25845,f9702b62d9d58f8127934592fa11ab8f7102b254245a3e81245f23ed50acdacd,image
ChatExport_2026-09-26/photos/photo_21@25-09-2026_15-42-43.jpg,176945,50f609181cc2298e7785e2bf297e0d1b014a299bb1f3c05f612bd881e17ed70c,image
ChatExport_2026-09-26/photos/photo_21@25-09-2026_15-42-43_thumb.jpg,25541,e1ea9d32d0c07933c0602d220f89ff76bf645071a7cf7bd2ec0afe3f186a0be1,image
ChatExport_2026-09-26/photos/photo_22@25-09-2026_15-42-43.jpg,179783,3dbdae3fbe88ccf1ef678fc5bb7e39ee3fa8b1b0ac4f5c6c47d98181afb014a6,image
ChatExport_2026-09-26/photos/photo_22@25-09-2026_15-42-43_thumb.jpg,23988,55695616bc708946903799d34aa47c0bf78101d51e6f508585e85e2191d567d4,image
ChatExport_2026-09-26/photos/photo_23@25-09-2026_15-42-43.jpg,184781,c15ff2449570ba8f94972dfb631281cb0dc11fffa90555aa2ef106ceb4b2afac,image
ChatExport_2026-09-26/photos/photo_23@25-09-2026_15-42-43_thumb.jpg,25095,ac2bf6e1651db672c6b34d4b82a409d2a38ef3ece6580b8dd3e70ee9453fe7db,image
ChatExport_2026-09-26/photos/photo_24@25-09-2026_15-42-44.jpg,185672,98d43d09f968b6eb6ff9166a0b4d60a0113d0a11379095aae20f6204fe7be1d2,image
ChatExport_2026-09-26/photos/photo_24@25-09-2026_15-42-44_thumb.jpg,24332,826ba3e8ccbfecabc352cb179008eeafc8e5c95a845006cce5a36d3e363ca845,image
ChatExport_2026-09-26/photos/photo_25@25-09-2026_15-42-44.jpg,48919,0745bbb785694d808efadb1070fe9c06f04a600764eb3ef1de55da030ecb95d3,image
ChatExport_2026-09-26/photos/photo_25@25-09-2026_15-42-44_thumb.jpg,16482,3d87811b8368984fa4956454a67a3e7f06097381fa0a2f198ced2a2ec326aae1,image
ChatExport_2026-09-26/photos/photo_26@25-09-2026_15-53-17.jpg,2799,1d32c856ca717819e1f7d469cbd412ed7ca737df700f817df81034e47ab3fc5b,image
ChatExport_2026-09-26/photos/photo_26@25-09-2026_15-53-17_thumb.jpg,1934,89232bd5cd81b36e8b895aa721bcb12913f26d922f75606022faf3de4d21e8cc,image
ChatExport_2026-09-26/photos/photo_27@25-09-2026_16-32-15.jpg,2735,0cb98e08257a4e8be5aa1487e25250c1b5f46296e093016f01fb443938ac66cc,image
ChatExport_2026-09-26/photos/photo_27@25-09-2026_16-32-15_thumb.jpg,1753,47cfce0f7c0789e47eba5633ff5f096b40c82c575494ccd973a34c227b81a3e3,image
ChatExport_2026-09-26/photos/photo_28@25-09-2026_16-40-14.jpg,47454,763b272c1895141f6a04e9962ace385c73dbd352f473b742a71501f1ca64cedf,image
ChatExport_2026-09-26/photos/photo_28@25-09-2026_16-40-14_thumb.jpg,10792,906fc9459357cb2fa077a7d6e49bb71b5424417d5d0920ad11cc157f5d103236,image
ChatExport_2026-09-26/photos/photo_29@25-09-2026_16-43-15.jpg,2024,ec4e4f5c7caed381fd2c7141bf46f0503f60991ecb66dfdc3c769f216e286f48,image
ChatExport_2026-09-26/photos/photo_29@25-09-2026_16-43-15_thumb.jpg,1392,ca4427ea72215d750916f40cc248793ec7fd91e8c6f6f7484fde6318579b408a,image
ChatExport_2026-09-26/photos/photo_2@09-09-2026_15-40-06.jpg,191453,39b7c06a5c1d92b3dd2cbfa141b3b895f1956bcc896eb7a729390040dcc71774,image
ChatExport_2026-09-26/photos/photo_2@09-09-2026_15-40-06_thumb.jpg,11100,ce908550a56fb5d08154626c42b95e2ea1474f3b6ac252ee3d90610831f988f4,image
ChatExport_2026-09-26/photos/photo_30@25-09-2026_16-46-43.jpg,2631,4f5d0ec2eee12e4318093f5f674f506c533347b2e68b4668011e30643e303075,image
ChatExport_2026-09-26/photos/photo_30@25-09-2026_16-46-43_thumb.jpg,1763,5660046909d7cb810959ffa5be0a3ebce4c61b9323b07ea74ada0215f480516b,image
ChatExport_2026-09-26/photos/photo_31@25-09-2026_18-15-30.jpg,18999,a78f81c2deeddefeaed8d5aafdafbc5e3c4a8ed8e58eafe137085fb6d6a4867d,image
ChatExport_2026-09-26/photos/photo_32@25-09-2026_18-48-47.jpg,4368,b30eb752fb6ede94345e60accb2e77b32a7131fa1231ab8b152af8f493e8fe77,image
ChatExport_2026-09-26/photos/photo_32@25-09-2026_18-48-47_thumb.jpg,3796,829968febd9f6f45004b61193e41cdc01b0e67a2e11109dfd87c103f5ae805b6,image
ChatExport_2026-09-26/photos/photo_33@26-09-2026_10-31-14.jpg,31162,e17eb7842b1283761219cdd3f933cefc83fe58ef6068527f2be6c151ee55e7a6,image
ChatExport_2026-09-26/photos/photo_33@26-09-2026_10-31-14_thumb.jpg,10086,7497ca4b9ead9efc5cd3d2dc952d8fb487562e0c4bb8ab38ce541af955825e39,image
ChatExport_2026-09-26/photos/photo_3@14-09-2026_13-28-45.jpg,62149,da9d10d342597856790bd3abb67e608e7ba899cd7fc778e037c0c2b5ec9b742c,image
ChatExport_2026-09-26/photos/photo_3@14-09-2026_13-28-45_thumb.jpg,15597,4b880857211e58043f9c30ac1a162624780622eb7c5c99a91b8dde5495553525,image
ChatExport_2026-09-26/photos/photo_4@21-09-2026_14-45-15.jpg,42656,4d273ccdf4d57ab8cd84f558dc26adf4ef9bb657924969aec923250b1a39a1d7,image
ChatExport_2026-09-26/photos/photo_4@21-09-2026_14-45-15_thumb.jpg,19999,6c3335e0b54bfeca32d8a6e24b12938c02a912954275a715db1b8ae470f77a96,image
ChatExport_2026-09-26/photos/photo_5@21-09-2026_15-09-28.jpg,2816,18e69cfe79faa5f82b90ba2019ee4c03704a91b57d2ef9f330f09756ccb64593,image
ChatExport_2026-09-26/photos/photo_5@21-09-2026_15-09-28_thumb.jpg,2066,cd9ae3b328fd2735b3eb4564c91d0df5c83f3c49ca3a217f5ea7341558b6d4ad,image
ChatExport_2026-09-26/photos/photo_6@21-09-2026_19-02-43.jpg,14300,6d273fb4e94fcd40c020b5ac55457814d18d8b13336070bdd98fc7d179eec824,image
ChatExport_2026-09-26/photos/photo_6@21-09-2026_19-02-43_thumb.jpg,3694,f0c462e8914964512405935337bdab618d34363958b8b3dfc80e3c4ccb6a0aaa,image
ChatExport_2026-09-26/photos/photo_7@22-09-2026_16-44-17.jpg,136700,a7db67410253d02b7450df5f6a498f7f1b585f74bc58001873ad8c3bfc2045ac,image
ChatExport_2026-09-26/photos/photo_7@22-09-2026_16-44-17_thumb.jpg,49019,4dbcedf5b19984db6144923330fe004dbebf5b982c882766a1587fcfe0d19806,image
ChatExport_2026-09-26/photos/photo_8@22-09-2026_19-33-02.jpg,268592,693d7e959fae87a3f28d02d5a683df2215ab6671392f9287434cf4142e8c3c37,image
ChatExport_2026-09-26/photos/photo_8@22-09-2026_19-33-02_thumb.jpg,20368,1938bca4faf8fc2eea2c4681d3ddf3f3d0013b301f458f68f57d51f89de207b2,image
ChatExport_2026-09-26/photos/photo_9@22-09-2026_19-55-58.jpg,62770,da148cf1cc419d4af97fb2cf193e5669a78ce656ca1733fc3af4c6978234904e,image
ChatExport_2026-09-26/photos/photo_9@22-09-2026_19-55-58_thumb.jpg,15220,d88391642de147974d79acd5af63c51ed0a5db0af571f136a057e93ed6e647c7,image
README.md,11336,f34271bc93610e55d5b78917aad00908b77a06ed2e0e5f33a663a01ce3f0c08b,markdown
ROADMAP.md,3950,9944f716935bfcebb0df6cdeb6c7159b31fb373dad5a207e7d135d74555eb1f0,markdown
conftest.py,271,300ed50f0691588f714a783bb4a43b49e9e46f6faa7e0609d4518d0506ef8e56,python
contracts/README.md,4550,f756ea58b1dd821809f7231be7314ac1ce9e7c4240cdc80ba5a71dd71e8aa08b,markdown
contracts/__init__.py,0,e3b0c44298fc1c149afbf4c8996fb92427ae41e4649b934ca495991b7852b855,python
contracts/examples/ws_snapshot.json,4694,5162b4f81f4c982734cd612b994999a3329e1a75ae69100b169315bf4d96d810,other
contracts/schemas.py,7752,b8030f06a04848e6437ed280eb905529becf0eed35886b701e31839a46e79171,python
data/DATASET_README.md,12870,5ea48be369a9f512d452e2a5c78702e3969aa8982016b7065b977425a13d8f72,markdown
data/README_DATASET.md,3313,238589154d6e6f8eb57a1eeae28715cd814e83383bd4810581616d525c4d97c8,markdown
data/dataset_docs/Emulator-and-Telematic-Packets-Specification.md,16084,26458797a62029112bd67f0680872194dd7c07639c4d499b29b4795b89a6fa1f,markdown
data/labels/labels_test.csv,33775,7c7b0206d7ee6ee66af6baafba311755d5e033cd291410972eb89a231079df95,csv
data/labels/labels_train.csv,463478,b3058d52683091e77d190d6a99b717ad5c44ae02de37cadf47123dd3c534361d,csv
data/ndtp-telemetry-emulator.tar,134284800,89399e531f20a508554441f1491be5676a524fa14c05f6e10e48fd22d849a199,binary
data/sample_submission.csv,3544,854996673e30fb2a56af32122375cd1810200f716d9805b46c0642bef5e1be25,csv
data/test/schedule.csv,794336,a31023b3ec29942145e31ef0eb93bc5ef4adf49b2d9da5b397f02e03e4665bd3,csv
data/test/traffic.csv,17117773,3c74bb9d3cc5e076a2e7f89de7e78fb103c350757d16c9d629de651ee09bf517,csv
data/train/schedule.csv,2690246,f7c109efd50d358d202b6c1fc5a7cb5be14ccc489c7adb5f3fd897e326512115,csv
data/train/traffic.csv,49170493,1890b36e19765c970b3db3c15fc372e2c6dfcc2b20380679637be9115fe303cd,csv
data/validate/points.csv,12645,284d35f25cf7b13ed3f1ef0556c41910c6e6abfe5c523d2c2d1d36f3d67c64a6,csv
data/validate/schedule_plan.csv,683160,c9b561743a5cb83616941b02b47c5aded89e75218d93c13a282a2e8c790787c8,csv
data/validate/traffic.csv,17117773,3c74bb9d3cc5e076a2e7f89de7e78fb103c350757d16c9d629de651ee09bf517,csv
docs/DEEP_ANALYSIS_PROMPT.md,21357,e1c4171f54899f6d5a88a10ebfdb1a8c612a1e7ea75a6ed56d1b89df09c66cdb,markdown
docs/DEEP_ANALYSIS_RESULT.md,101448,8de18d8d027ccb445c9524c95bf3367e9c29ab4c8e9239548a58bcf9ae7a146e,markdown
docs/PROJECT_MASTER_PLAN.md,17108,c51a95017bda421f9e1042c2b6366316fab6537d91967a017b164a26d834a781,markdown
docs/PROMPTS_GUIDE.md,24363,7ab0bf467db3dd6d404d7992f6d3e336e218fcb6117417c1a3bd9342e4b78801,markdown
docs/TASK_DESCRIPTION.md,16282,f8e4699cfe698a960657403f67d176aea6e612053f77927ba3c7d1574a3fb8a5,markdown
docs/TEAM_PLAN.md,17656,e17d9b6c8be83d6afcb79076f4a3b389a6159bdc55dbae0293094c58031a73b6,markdown
docs/VIDEO_TRANSCRIPT_Kudashov.md,5757,5dcf3f4c8b5ffa1c42dd8877769f3b64470c3b0f83d19df4344171a1fe1ca17c,markdown
docs/VIDEO_TRANSCRIPT_QA_session.md,92665,17e801f854bff40dfd0d6b0043a79c00e2300875f6b42d6cf604e2e3c6a57084,markdown
docs/prompts/PROMPT_ML_LAVRENTIY.md,58236,e112db9f98d624b91ee04f40a7e70168e05b618ef6203e8cfcd4705130811c5b,markdown
docs/roadmap_minimal_ru.jpg,402017,f89e86df0243b24b17fcbb8c66ac17d3499cf2d0192b6b034c9951d7716f6bb8,image
docs/task_description.pdf,143111,30f731a0d2e101444d38cdcbc5b2f02d1fcee4dd073f851918494b04db1a3e63,binary
docs/transport_hackathon_roadmap.jpg,569465,9155dbf7322377878d330ba357a1f35addcd1e4333207d4cc3961a16dbd58d0f,image
models/catboost_delta_predictor.cbm,790112,02ed7fbfe6e844dfabddb2a99a1f97b6f2680c3d626c509e52d66ab3d66f0b24,binary
pytest.ini,121,5ce7d62c88dfd49e561b412a9951f5c450f85d16c914a3c0f074d23b5cdd2f52,other
reports/tasks/.gitkeep,0,e3b0c44298fc1c149afbf4c8996fb92427ae41e4649b934ca495991b7852b855,other
reports/tasks/ML-T0.md,1904,a0bc4e70942eda4262ff5d139a631b3140a647b43073d44c05ecf8ae7db46360,markdown
reports/tasks/ML-T1.md,3009,9cdaa4cc5758011c019bcfbbb78db2fac34b715b2b9ab86e1b35b2759a8d3212,markdown
requirements.txt,722,5c03cd0cb518034470fc387d7cf424612b54840eb12572455cd1cb18f7b7ac1a,other
requirements/ml.lock.txt,1112,14ae78d8ef45a259636adebd458b763ae5e554b1d6716304b7f8c4d31818def9,other
requirements/ml.txt,432,a35a1353115521efd8e8c1113090fa74aa207d737e9aab26a193c176e5a5879f,other
src/eda/build_causal_features.py,5741,1b903795594d83030690f604cdd7fdcb2708a0ea8ac85e13a62b10012a855964,python
src/eda/leakage_audit.py,3627,e88bd5f73a1514726629d09d3374c867c9389c0cd011a4d67022074c0901fd6b,python
src/eda/stop_arrival_reconstruction.py,1866,7f50d7a4b6b7f7743d5bef3baa2696dd266daa38e822163babdfbfc6706b6fc3,python
src/eda/validation_experiments.py,3061,26e11b9d3bddd13f6e3f16311ef48b59d031bb7273ac129233a628310c1cc26e,python
src/feature_engineering.py,7867,6774ac3ab8a63992f4ccbf542be8d19dfea81983b24e0d618559c7c335414375,python
src/submission_journal.py,2623,5d4fac2450a89609671de68aaddc473e71cb4ff33d1fb5070b8929d3b0cfe715,python
src/train.py,5420,aa9b975a90f1f9cb269b6f8c85e608ef40a3adc4e8d1388490844d4b59977eb5,python
src/validate_submission.py,4195,e8c9ac77c1c02d1f0a0cf1f49dff44d769d3cf2ddf899aac9656b0aa1b1f7a2f,python
submission_catboost.csv,3552,b9ead6ff6a9d925e9ef43d34228f84f049ff73575bd683865d66a7934aad05c6,csv
submissions/.gitkeep,0,e3b0c44298fc1c149afbf4c8996fb92427ae41e4649b934ca495991b7852b855,other
submissions/journal.csv,190,9ee1f2a009e24e7f60895d722ec020059369042c08a6012a2d19c17ff24f5eeb,csv
submissions/sub_20260926_1352_baseline_v1.csv,3551,1b77fc9f2dbf522ad0657b3fd60793563e102652169ede704f7ed75163dba9a0,csv
tests/ml/.gitkeep,0,e3b0c44298fc1c149afbf4c8996fb92427ae41e4649b934ca495991b7852b855,other
tests/ml/test_env.py,800,376deab2ead6c7b9e501fd2307405137f0359933dd339bddded46ebbc7e07529,python
tests/ml/test_no_leakage_static.py,1006,0a3ef45c64ad905e2dfb2f15307421f90e0b982aafdd524778199bdc789871fd,python
tests/ml/test_validate_submission.py,2989,56d33f7160216466ee6c230eeb89835374150de6d8e46a541b8f845ac57f7b21,python
tests/ml_core/.gitkeep,0,e3b0c44298fc1c149afbf4c8996fb92427ae41e4649b934ca495991b7852b855,other
