sample_id;prediction
131672_1767670500;32.4
131672_1767670800;51.9
131672_1767671100;98.3
131672_1767671400;172.9
134040_1767672000;29.5
134040_1767672300;11.4
134040_1767672600;27.4
134040_1767672900;38.2
134040_1767673200;88.3
134040_1767673500;76.3
122048_1767673800;70.8
122048_1767674100;68.6
122048_1767674400;-6.0
122048_1767674700;-14.8
122048_1767675000;19.6
122048_1767675300;-3.9
131672_1767675600;37.8
131672_1767675900;19.2
131672_1767676200;5.6
131672_1767676500;6.8
131672_1767676800;-9.1
131672_1767677100;-5.7
122658_1767679500;57.2
122658_1767679800;58.0
122658_1767680100;21.4
122658_1767680400;68.1
122658_1767680700;78.0
134040_1767684600;-16.9
130238_1767684600;45.1
130238_1767684900;38.5
134040_1767684900;13.9
134040_1767685200;64.5
130238_1767685200;45.2
134040_1767685500;74.4
130238_1767685500;56.1
134040_1767685800;90.8
130238_1767685800;99.5
130238_1767686100;133.2
134040_1767686100;53.8
122658_1767686400;-3.0
122658_1767686700;-2.8
122658_1767687000;-8.7
122658_1767687300;5.9
122658_1767687600;-1.0
122658_1767687900;92.6
122613_1767690000;29.6
122613_1767690300;0.6
122613_1767690600;61.7
122613_1767690900;59.9
122613_1767691200;-4.6
122613_1767691500;3.8
122048_1767695400;-47.6
122048_1767695700;-6.8
122048_1767696000;-1.3
122048_1767696300;46.6
122048_1767696600;57.4
122048_1767696900;-47.6
133300_1767699000;-24.5
122048_1767699000;-82.0
133300_1767699300;-19.5
122048_1767699300;-78.7
122048_1767699600;-62.5
133300_1767699600;40.4
122048_1767699900;-48.2
133300_1767699900;85.3
122048_1767700200;-3.7
133300_1767700200;61.6
122048_1767700500;52.5
133300_1767700500;56.7
133957_1767700800;41.3
133957_1767701100;75.1
133957_1767701400;87.6
133957_1767701700;55.9
133957_1767702000;146.0
133957_1767702300;127.3
129964_1767702600;16.3
129964_1767702900;-26.6
129964_1767703200;-29.6
129964_1767703500;-22.9
129964_1767704100;-51.6
122658_1767706200;14.7
122658_1767706500;38.7
122658_1767706800;15.7
122658_1767707100;10.6
122658_1767707400;3.9
131672_1767709800;67.3
122048_1767709800;-31.6
131672_1767710100;27.8
122048_1767710100;17.9
131672_1767710400;-24.1
122048_1767710400;78.9
122048_1767710700;43.9
131672_1767710700;-27.6
131672_1767711000;-31.4
122048_1767711000;118.5
122048_1767711300;28.8
131672_1767711300;-70.4
132430_1767713400;175.2
133300_1767713400;18.7
132430_1767713700;274.0
133300_1767713700;-1.3
133300_1767714000;-9.4
132430_1767714000;261.6
132430_1767714300;142.1
133300_1767714600;-53.4
132430_1767714600;171.9
132430_1767714900;270.9
133300_1767714900;-33.7
122048_1767717000;-18.9
122048_1767717300;-26.8
122048_1767717600;-9.1
122613_1767718800;144.7
132430_1767720000;59.5
132430_1767720300;76.4
131672_1767722400;99.3
131672_1767722700;141.0
131672_1767723000;176.7
131672_1767723300;129.8
131672_1767723600;215.1
131672_1767723900;249.7
133957_1767724200;173.7
132430_1767727800;197.6
132430_1767728100;250.8
132430_1767728400;251.4
132430_1767728700;223.3
132430_1767729000;303.0
132430_1767729300;109.0
122048_1767731400;41.9
122048_1767731700;68.3
122048_1767732000;113.1
122048_1767732300;60.8
122048_1767732600;59.5
122048_1767732900;109.4
134040_1767733200;190.2
134040_1767733500;171.5
134040_1767733800;254.8
134040_1767734100;292.6
134040_1767734400;263.6
134040_1767734700;283.7
130072_1767736800;-6.1
130072_1767737100;21.8
130072_1767737400;42.3
130072_1767737700;74.0
130072_1767738000;35.4
130072_1767738300;96.0
130072_1767742200;11.1
130072_1767742500;-2.1
130072_1767742800;-14.4
130072_1767743100;34.5
130072_1767743400;68.3
130072_1767743700;21.9
