metric,mae_s,score
"Бейзлайн «задержка = cur_dev», official test",93.4,0.31
"Бейзлайн «задержка = cur_dev», LOBO по бортам",88.4,0.41
"Скор на сайте (LB, validate)",—,1.000
"CatBoost m_ds, official test (train → test)",63.0,0.94
"CatBoost m_ds, LOBO (13 бортов, честно)",75.2,0.68
"CatBoost m_ds, FWD (до 13:45 → после 14:00)",79.3,0.60
"Поток: m_online, LOBO (cur_dev восстановлен детектором)",83.0,0.52
"Поток: ансамбль (CatBoost по расписанию 0.5 + PyTorch MLP 0.5), LOBO",79.5,0.59
"Поток: онлайн-прогноз для незнакомого борта (LOBO, точки test)",84.0,—
Поток: бейзлайн «восстановленный cur_dev» на тех же точках,177.1,—
"Живой поток в Docker (replay ×10 по NDTP, журнал backend, в выборке)",88.8,—
Живой поток: бейзлайн «восстановленный cur_dev»,150.6,—
Порог максимального балла (score 0.70),74.2,0.70
